song_id;song_name
0;Oops!...I Did It Again
1;All The Small Things
2;Breathe
3;It's My Life
4;Bye Bye Bye
5;Thong Song
6;The Real Slim Shady
7;Rock DJ
8;Say My Name
9;Lady - Hear Me Tonight
10;Move Your Body - Gabry Ponte Original Radio Edit
11;Freestyler
12;Desert Rose
13;Never Be The Same Again
14;Try Again
15;I'm Outta Love - Radio Edit
16;Better Off Alone
17;The Riddle
18;The Next Episode
19;In the End
20;Sexbomb
21;It Feels So Good
22;Cold as Ice
23;I Turn To You
24;Take A Look Around
25;Sandstorm
26;What'chu Like (feat. Tyrese)
27;The Time Is Now
28;Party Up
29;Music
30;No More
31;Born to Make You Happy
32;Get It On Tonite
33;Spinning Around
34;Big Pimpin'
35;I Need You
36;Separated
37;Be With You
38;He Wasn't Man Enough
39;Forgot About Dre
40;Show Me the Meaning of Being Lonely
41;Case Of The Ex (Whatcha Gonna Do)
42;Shackles (Praise You)
43;Wifey
44;She Bangs - English Version
45;He Can't Love U
46;Incomplete
47;I Just Wanna Love U (Give It 2 Me)
48;Thank God I Found You (feat. Joe & 98°)
49;Who Let The Dogs Out
50;"U Know What's Up (feat. Lisa ""Left Eye"" Lopes)"
51;Can't Fight The Moonlight
52;Hey Baby (Radio Mix)
53;Most Girls
54;Fill Me In
55;I Turn to You
56;American Pie
57;Otherside
58;I Like It
59;7 Days
60;Maria Maria (feat. The Product G&B)
61;Don't Think I'm Not
62;There You Go
63;Shalala Lala
64;Life Is A Rollercoaster
65;Don't Call Me Baby
66;Jumpin', Jumpin'
67;That's the Way It Is
68;Kryptonite
69;I Wish
70;Shake Ya Ass
71;Where I Wanna Be
72;Crash and Burn
73;My Love
74;Pure Shores
75;Independent Women, Pt. 1
76;It's Gonna Be Me
77;Bag Lady
78;You Sang To Me
79;Bent
80;Rise
81;Shape of My Heart
82;With Arms Wide Open
83;Breathless
84;I Wanna Know
85;Teenage Dirtbag
86;Come on over Baby (All I Want Is You) - Radio Version
87;Higher
88;Lucky
89;Country Grammar (Hot Shit)
90;It Wasn't Me
91;Survivor
92;Stan
93;Can't Get You out of My Head
94;"Lady Marmalade - From ""Moulin Rouge"" Soundtrack"
95;Whenever, Wherever
96;The Middle
97;Drops of Jupiter (Tell Me)
98;It's Raining Men
99;Hit 'Em Up Style (Oops!)
100;I'm a Slave 4 U
101;In Your Eyes
102;One Minute Man (feat. Ludacris)
103;Family Affair
104;We Come 1 - Radio Edit
105;Rollin' (Air Raid Vehicle)
106;Something
107;Rapture (feat.Nadia Ali)
108;What Took You So Long?
109;It's Over Now
110;All Rise
111;Butterfly
112;You Rock My World
113;Let Me Blow Ya Mind
114;Another Day in Paradise - R&B-Version
115;How You Remind Me
116;One More Time
117;Ms. Jackson
118;Everytime You Need Me - Radio Version
119;Thank You
120;Stutter (feat. Mystikal) - Double Take Remix
121;Youth of the Nation
122;Play
123;Get Ur Freak On
124;Nobody Wants to Be Lonely (with Christina Aguilera)
125;AM To PM
126;Another Chance
127;Clint Eastwood
128;Until The End Of Time
129;No More Drama
130;Love Don't Cost a Thing
131;Little L
132;Missing You
133;Peaches & Cream
134;Touch Me (Radio Edit) [feat. Cassandra]
135;Smooth Criminal
136;Music (feat. Marvin Gaye)
137;Purple Pills
138;Don't Tell Me
139;If You Come Back
140;Eternal Flame - Single Version
141;Where the Party At (feat. Nelly)
142;Because I Got High
143;Don't Stop Movin'
144;Starlight - Radio Edit
145;Promise
146;Have You Ever
147;Only Time
148;There You'll Be
149;Lovin' Each Day
150;Bootylicious
151;It's the Way You Make Me Feel
152;Heard It All Before
153;Again
154;All For You
155;Whole Again
156;Livin' It Up
157;Do You Really Like It? - Radio Edit
158;I'm Real (feat. Ja Rule) - Murder Remix
159;21 Seconds
160;Southern Hospitality (Featuring Pharrell)
161;Ride Wit Me
162;I'm a Thug
163;Sing
164;Izzo (H.O.V.A.)
165;Out Of Reach
166;Heaven Is a Halfpipe (If I Die)
167;It's Been Awhile
168;No More (Baby I'ma Do Right)
169;Differences
170;Hanging By A Moment
171;Dilemma
172;Without Me
173;Complicated
174;A Thousand Miles
175;Wherever You Will Go
176;Underneath Your Clothes
177;Addictive
178;I Know What You Want (feat. Flipmode Squad)
179;'Till I Collapse
180;I Need a Girl (Pt. 2) [feat. Loon, Ginuwine & Mario Winans]
181;When You Look At Me - Radio Edit
182;Die Another Day
183;I'm Gonna Be Alright (feat. Nas)
184;The Ketchup Song (Aserejé) - Spanglish Version
185;Kiss Kiss
186;Round Round
187;Tainted Love
188;Hero (feat. Josey Scott)
189;Overprotected - Radio Edit
190;Full Moon
191;One Love
192;Pass The Courvoisier Part II (feat. P. Diddy & Pharrell) - Remix
193;A New Day Has Come - Radio Remix
194;Gangsta Lovin'
195;Move Bitch
196;My Neck, My Back (Lick It)
197;Oops (Oh My) [feat. Missy Elliott]
198;Hot In Herre
199;Anyone of Us (Stupid Mistake)
200;Dirrty (feat. Redman)
201;What's Luv? (feat. Ja-Rule & Ashanti)
202;Can't Stop
203;Halfcrazy
204;Gimme the Light
205;I Love You
206;Love at First Sight
207;Nothin'
208;I Need a Girl (Pt. 1) [feat. Usher & Loon]
209;Baby
210;Murder On The Dancefloor
211;Like I Love You
212;Caught in the Middle
213;Cleanin' Out My Closet
214;Happy
215;Born to Try
216;Get the Party Started
217;A Woman's Worth
218;Gotta Get Thru This - D'N'D Radio Edit
219;Clocks
220;Work It
221;If Tomorrow Never Comes
222;Still Fly
223;My Sacrifice
224;Always On Time
225;Foolish
226;Sk8er Boi
227;Heaven
228;I'm Not a Girl, Not Yet a Woman
229;Oh Boy
230;By the Way
231;A Little Less Conversation - JXL Radio Edit Remix
232;The Tide Is High - Radio Mix
233;Girlfriend
234;Somethin' Stupid
235;Hands Clean
236;U Don't Have to Call
237;Here Is Gone
238;She Hates Me
239;Rollout (My Business)
240;All You Wanted
241;If You're Not The One
242;Escape
243;Blurry
244;In My Place
245;The Whole World (feat. Killer Mike)
246;Don't Let Me Get Me - Radio Edit
247;In Da Club
248;Get Busy
249;"Lose Yourself - From ""8 Mile"" Soundtrack"
250;Crazy In Love (feat. Jay-Z)
251;Big Yellow Taxi
252;Where Is The Love?
253;Jenny from the Block (feat. Jadakiss & Styles P.) - Track Masters Remix
254;Shut Up
255;Satisfaction (Isak Original Extended) - Benny Benassi Presents The Biz
256;Mundian to Bach Ke
257;Scandalous - U.S. Radio Edit
258;03' Bonnie & Clyde
259;P.I.M.P.
260;Superstar
261;Faint
262;X Gon' Give It To Ya
263;Bring Me To Life
264;Hole In The Head
265;Rise & Fall (feat. Sting)
266;I Hate Everything About You
267;Bump, Bump, Bump (feat. P. Diddy)
268;Suga Suga
269;Me Against the Music (feat. Madonna) - LP Version / Video Mix
270;Sorry Seems To Be The Hardest Word
271;Lost Without You
272;Rock Your Body
273;Damn! (feat. Lil' Jon) - Club Mix
274;Baby Boy (feat. Sean Paul)
275;Can't Hold Us Down (feat. Lil' Kim)
276;Someday
277;Rain On Me
278;Headstrong
279;Sunrise
280;Never Leave You (Uh Oooh, Uh Oooh)
281;Sound Of The Underground
282;Shake Ya Tailfeather (feat. P. Diddy & Murphy Lee) - 2016 Remaster
283;Make Luv
284;Behind Blue Eyes
285;Too Lost In You
286;"Wanksta - From ""8 Mile"" Soundtrack"
287;Frontin' (feat. Jay-Z) - Club Mix
288;Right Thurr
289;Sing For The Moment
290;21 Questions
291;Air Force Ones
292;Gossip Folks (feat. Ludacris)
293;Jump
294;Pretty Green Eyes - Radio Edit
295;Fighter
296;Beautiful
297;Say Yes
298;In Those Jeans
299;Stand Up
300;I Can
301;When I'm Gone
302;How You Gonna Act Like That
303;Cry Me a River
304;Mandy
305;Excuse Me Miss
306;Stole
307;Rock Wit U (Awww Baby)
308;Move Your Feet
309;Like a Stone
310;Like Glue
311;Put That Woman First
312;All I Have (feat. LL Cool J)
313;So Gone
314;The Seed (2.0)
315;Holidae In
316;Can't Let You Go (feat. Mike Shorey & Lil' Mo)
317;Mesmerize
318;Unwell
319;The Way You Move (feat. Sleepy Brown)
320;Into You (feat. Tamia)
321;Meant to Live
322;Lifestyles of the Rich & Famous
323;No Letting Go
324;Reptilia
325;I'm with You
326;Leave Right Now
327;Yeah! (feat. Lil Jon & Ludacris)
328;This Love
329;Toxic
330;Hey Ya!
331;The Reason
332;Left Outside Alone
333;Let's Get It Started - Spike Mix
334;Dragostea Din Tei
335;Lean Back
336;Sick and Tired
337;What You Waiting For?
338;Only U - No Intro
339;In the Shadows
340;I Like That
341;Naughty Girl
342;Numb
343;On Fire
344;My Band
345;I Don't Wanna Know (feat. Enya & P. Diddy) - 2016 Remaster
346;Lose My Breath
347;Call on Me - Radio Mix
348;Goodies (feat. Petey Pablo)
349;Trick Me
350;Headsprung
351;Black Betty - Edit
352;Amazing
353;My Prerogative
354;Move Ya Body
355;Freek-A-Leek
356;Dirt Off Your Shoulder
357;La Camisa Negra
358;Nobody's Home
359;Salt Shaker
360;Milkshake
361;Breaking the Habit
362;Read Your Mind
363;Just Lose It
364;I'm Still in Love with You (feat. Sasha)
365;Lola's Theme - Radio Edit
366;How Come
367;Turn Me On
368;One Call Away
369;Bring Em Out
370;Cha Cha Slide - Hardino Mix
371;Overnight Celebrity
372;She Wants To Move
373;Everytime
374;Vertigo
375;Take Me Out
376;Tipsy - Club Mix
377;Wanna Get To Know You
378;Jesus Walks
379;My Immortal
380;My Place
381;Slow Jamz
382;American Idiot
383;Millionaire
384;Diary (feat. Tony! Toni! Tone! & Jermaine Paul)
385;Through The Wire
386;Come With Me - Radio Edit
387;My Happy Ending
388;Fuck It (I Don't Want You Back)
389;Me, Myself and I
390;Here Without You
391;All Falls Down
392;Sunshine (feat. Anthony Hamilton)
393;The Closest Thing to Crazy
394;My Boo
395;Southside
396;Take Me To The Clouds Above - LMC Vs. U2 / Radio Edit
397;Fit but You Know It
398;Slow Motion
399;Love Machine
400;With You
401;Mad World (Feat. Michael Andrews)
402;Pieces Of Me
403;You Don't Know My Name
404;We Belong Together
405;Let Me Love You
406;Gold Digger
407;Pon de Replay
408;Candy Shop
409;You're Beautiful
410;Boulevard of Broken Dreams
411;Don't Cha
412;Bad Day
413;Hung Up
414;Just A Lil Bit
415;Axel F
416;Ass Like That
417;We Be Burnin'
418;Rich Girl
419;Galvanize
420;Remember the Name (feat. Styles of Beyond)
421;Disco Inferno
422;How We Do
423;Run It! (feat. Juelz Santana)
424;My Humps
425;Oh (feat. Ludacris)
426;Outta Control - Remix
427;Get Right
428;Numb / Encore
429;Hate It Or Love It
430;Feel Good Inc.
431;Don't Phunk With My Heart
432;I Like The Way - Radio Edit
433;Push The Button
434;Soul Survivor
435;Mockingbird
436;La Tortura (feat. Alejandro Sanz)
437;DARE
438;Signs
439;Tripping
440;Some Cut
441;Laffy Taffy
442;Lose Control (feat. Ciara & Fat Man Scoop)
443;Lonely No More
444;"Slow Down - 12"" Version"
445;Grind With Me
446;Diamonds From Sierra Leone - Remix
447;Soldier (feat. T.I. & Lil' Wayne)
448;1, 2 Step (feat. Missy Elliott) - Main
449;1 Thing
450;Get Back
451;Do You Want To
452;Shiver
453;Hollaback Girl
454;Your Body
455;The Kill
456;Karma
457;Ghetto Gospel
458;Don't Love You No More (I'm Sorry)
459;Nine Million Bicycles
460;Lovers And Friends
461;Wait (The Whisper Song)
462;Like You (feat. Ciara)
463;Everyday I Love You Less And Less
464;Behind These Hazel Eyes
465;Don't Lie
466;One Wish
467;Scars
468;I Bet You Look Good On The Dancefloor
469;Let Me Hold You (feat. Omarion)
470;I Predict A Riot
471;Caught Up
472;Because of You
473;Let Me Go
474;Photograph
475;Cater 2 U
476;Stickwitu
477;True
478;Dakota
479;Like Toy Soldiers
480;Over And Over
481;Speed of Sound
482;Suddenly I See
483;Girl
484;Since U Been Gone
485;Sometimes You Can't Make It On Your Own
486;Dirty Little Secret
487;As Good As I Once Was
488;Cool
489;Best of You
490;Hips Don't Lie (feat. Wyclef Jean)
491;Temperature
492;SexyBack (feat. Timbaland)
493;Irreplaceable
494;Rehab
495;SOS
496;Crazy
497;Touch It
498;Maneater
499;Rock This Party - Everybody Dance Now
500;Come to Me (feat. Nicole Scherzinger)
501;Sorry
502;Ridin'
503;Pump It
504;Promiscuous
505;(When You Gonna) Give It Up to Me (feat. Keyshia Cole) - Radio Version
506;Buttons
507;Get Up (feat. Chamillionaire)
508;Shake That
509;Do It To It
510;Supermassive Black Hole
511;Gimme That
512;From Paris to Berlin
513;Me & U
514;U and Dat (feat. T. Pain & Kandi Girl)
515;Beep
516;Snap Yo Fingers
517;Nasty Girl (feat. Diddy, Nelly, Jagged Edge & Avery Storm) - 2005 Remaster
518;It's Goin' Down (feat. Nitti)
519;My Love (feat. T.I.)
520;Savin' Me
521;Grillz
522;Patience
523;London Bridge
524;Deja Vu (feat. Jay-Z)
525;Bossy
526;Be Without You - Kendu Mix
527;Unfaithful
528;Touch The Sky
529;Lean Wit It, Rock Wit It
530;Call Me When You're Sober
531;Pullin' Me Back
532;Far Away
533;Dance, Dance
534;A Moment Like This
535;What You Know
536;Money Maker
537;Chain Hang Low
538;When The Sun Goes Down
539;Love
540;Smile
541;Sexy Love
542;One
543;Ms. New Booty
544;You Know I'm No Good
545;What Hurts The Most
546;Dani California
547;I Don't Feel Like Dancin'
548;So Sick
549;Steady, As She Goes
550;Chelsea Dagger
551;I Write Sins Not Tragedies
552;Goodbye My Lover
553;Ain't No Other Man
554;Is It Any Wonder?
555;Black Horse And The Cherry Tree
556;America
557;You Give Me Something
558;How to Save a Life
559;I Wish I Was a Punk Rocker (with Flowers in My Hair)
560;Welcome to the Black Parade
561;In The Morning
562;Yo (Excuse Me Miss)
563;Naive
564;Bleeding Love
565;Umbrella
566;Gimme More
567;Big Girls Don't Cry (Personal)
568;Hey There Delilah
569;What Goes Around.../...Comes Around (Interlude)
570;The Sweet Escape
571;The Way I Are
572;Say It Right
573;Destination Calabria - Radio Edit
574;Cry for You
575;Smack That
576;Give It To Me
577;Ayo Technology
578;Like a Boy
579;Stronger
580;Beautiful Liar
581;Cupid's Chokehold / Breakfast in America - Radio Mix
582;I Wanna Love You
583;Crank That (Soulja Boy)
584;Make It Rain
585;Shut Up And Drive
586;Get It Shawty
587;What I've Done
588;Last Night
589;Kiss Kiss (feat. T-Pain)
590;Party Like A Rock Star
591;Paralyzer
592;Summer Love
593;This Is Why I'm Hot
594;Make Me Better
595;Fake It
596;Brianstorm
597;Glamorous
598;Bleed It Out
599;Teenagers
600;Acceptable in the 80's
601;About You Now
602;Because Of You
603;You
604;Golden Skans
605;The Way I Live - Main Explicit
606;Fergalicious
607;Ice Box
608;On the Hotline - Amended Version
609;Rockstar
610;Thnks fr th Mmrs
611;LoveStoned / I Think She Knows (Interlude)
612;Dear Maria, Count Me In
613;Back To Black
614;Let It Go
615;Heartbroken - Edit
616;Makes Me Wonder
617;This Ain't A Scene, It's An Arms Race
618;Misery Business
619;Pop, Lock & Drop It - Video Edit
620;The Pretender
621;Shawty (feat. T Pain)
622;Ruby
623;Outta My System (feat. T-Pain & Johntá Austin)
624;Face Down
625;Grace Kelly
626;Candyman
627;Beautiful Girls
628;Don't Matter
629;1973
630;Before He Cheats
631;Starz In Their Eyes
632;I Tried
633;When You're Gone
634;Throw Some D's
635;Love Today
636;Your Love Alone Is Not Enough (feat. Nina Persson)
637;Wait for You
638;Sweetest Girl (Dollar Bill) (feat. Akon, Lil' Wayne & Niia)
639;The Great Escape
640;Rule The World - Radio Edit
641;Bed
642;Snow (Hey Oh)
643;Runaway Love
644;Low (feat. T-Pain)
645;I Kissed A Girl
646;Take A Bow
647;No One
648;Apologize
649;Miss Independent
650;If I Were a Boy
651;Dangerous
652;Beggin (original version)
653;Disturbia
654;Break the Ice
655;Lollipop
656;Now You're Gone - Video Edit
657;Flashing Lights
658;4 Minutes (feat. Justin Timberlake & Timbaland)
659;Hot N Cold
660;Don't Stop The Music
661;Sensual Seduction
662;Right Now (Na Na Na)
663;Womanizer
664;Pjanoo - Radio Edit
665;Put On
666;Give It 2 Me
667;When I Grow Up
668;Piece of Me
669;Live Your Life
670;Closer
671;A Milli
672;What You Got
673;All I Ever Wanted - Radio Edit
674;The Boy Does Nothing
675;Dance Wiv Me - Radio Edit
676;Sweet About Me
677;Another Way to Die
678;Hypnotized (feat. Akon)
679;I Hate This Part
680;Take You There
681;Pocketful of Sunshine
682;You're Gonna Go Far, Kid
683;American Boy
684;Addicted
685;Propane Nightmares
686;My Life
687;Damaged
688;So What
689;Love Lockdown
690;Cookie Jar (feat. The-Dream)
691;It's Not My Time
692;Kids
693;Shut Up and Let Me Go
694;Got Money
695;Into the Night (feat. Chad Kroeger)
696;I Luv Your Girl
697;Wearing My Rolex - Radio Edit
698;Love in This Club (feat. Young Jeezy)
699;Black & Gold - Radio Edit
700;What's It Gonna Be (feat. Platnum)
701;That's Not My Name
702;Bust It Baby, Pt. 2 (feat. Ne-Yo)
703;Broken Strings
704;Run
705;Shake It
706;Whatever You Like
707;Can't Help but Wait
708;Stop And Stare
709;Hallelujah
710;Just Fine
711;One Step At a Time
712;Viva La Vida
713;Sex on Fire
714;Mercy
715;Crush
716;Suffocate - Superclean
717;In Love With a Girl
718;Tattoo
719;Violet Hill
720;Spotlight
721;Green Light (feat. André 3000)
722;Burnin' Up
723;Superstar (feat. Matthew Santos)
724;Forever
725;Better in Time
726;Clumsy
727;I Gotta Feeling
728;Poker Face
729;Halo
730;Sexy Bitch (feat. Akon)
731;Right Round
732;Love Story
733;Hotel Room Service
734;Circus
735;LoveGame
736;Monster
737;Omen
738;Meet Me Halfway
739;Heartless
740;Day 'N' Nite (Nightmare)
741;Just Dance
742;If U Seek Amy
743;I Know You Want Me (Calle Ocho)
744;Obsessed
745;Release Me
746;Boom Boom Pow
747;She Wolf
748;Paparazzi
749;Empire State Of Mind
750;All The Right Moves
751;Birthday Sex
752;Evacuate The Dancefloor
753;New Divide
754;Let It Rock
755;Run This Town
756;Bad Romance
757;We Made You
758;Love Sex Magic (feat. Justin Timberlake)
759;Russian Roulette
760;Turn My Swag On
761;When Love Takes Over (feat. Kelly Rowland)
762;Fight For This Love
763;Kiss Me Thru The Phone
764;Crack A Bottle
765;Number 1
766;Mama Do (Uh Oh, Uh Oh)
767;DONTTRUSTME
768;Jai Ho! (You Are My Destiny)
769;Bad Boys (feat. Flo Rida)
770;Break Up
771;Naturally
772;Untouched
773;Throw It In The Bag
774;Whatcha Say
775;Not Fair
776;Dead And Gone
777;Fire Burning
778;Walking On A Dream
779;Good Girls Go Bad (feat. Leighton Meester)
780;If Today Was Your Last Day
781;Bulletproof
782;Fire
783;I'm Not Alone - Radio Edit
784;One Time
785;Blame It
786;In For The Kill
787;Uprising
788;Gotta Be Somebody
789;Holiday
790;Single Ladies (Put a Ring on It)
791;Love Drunk
792;Rockin' That Shit
793;Secrets
794;Big Green Tractor
795;Never Say Never
796;The Fear
797;Best I Ever Had
798;Already Gone
799;Party In The U.S.A.
800;Battlefield
801;Mad
802;21 Guns
803;Knock You Down
804;You Belong With Me
805;Second Chance
806;I Love College
807;My Life Would Suck Without You
808;Little Lion Man
809;You Found Me
810;Just the Way You Are
811;Love The Way You Lie
812;Alors on danse - Radio Edit
813;TiK ToK
814;Memories (feat. Kid Cudi)
815;Dynamite
816;Only Girl (In The World)
817;California Gurls
818;Take It Off
819;Like A G6
820;Gettin' Over You (feat. Fergie & LMFAO)
821;Te Amo
822;Carry Out (Featuring Justin Timberlake)
823;Gold Dust - Radio Edit
824;Stereo Love - Radio Edit
825;Break Your Heart
826;Imma Be
827;Not Afraid
828;Alejandro
829;Rude Boy
830;Beautiful Monster
831;The Time (Dirty Bit)
832;Commander
833;One (Your Name) - Radio Edit
834;Deuces (feat. Tyga & Kevin McCall)
835;DJ Got Us Fallin' In Love (feat. Pitbull)
836;Replay
837;Club Can't Handle Me (feat. David Guetta)
838;Eenie Meenie
839;No Hands (feat. Roscoe Dash & Wale)
840;Written in the Stars (feat. Eric Turner)
841;Talking to the Moon
842;Cooler Than Me - Single Mix
843;Telephone
844;Hard
845;Pass Out
846;Whataya Want from Me
847;If We Ever Meet Again (Featuring Katy Perry)
848;OMG (feat. will.i.am)
849;Misery
850;Man Down
851;My First Kiss (feat. Ke$ha)
852;Teach Me How to Dougie
853;Miami 2 Ibiza - Swedish House Mafia vs. Tinie Tempah
854;Wavin' Flag
855;How Low
856;Blah Blah Blah (feat. 3OH!3)
857;All I Do Is Win (feat. T-Pain, Ludacris, Snoop Dogg & Rick Ross)
858;In My Head
859;Airplanes (feat. Hayley Williams of Paramore)
860;My Chick Bad
861;Just A Dream
862;What's My Name?
863;The Flood
864;Say Aah (feat. Fabolous)
865;Over
866;Kickstarts
867;She Said
868;Hey Daddy (Daddy's Home)
869;Right Above It
870;Your Love Is My Drug
871;Starry Eyed
872;Find Your Love
873;Ridin' Solo
874;Young Forever
875;BedRock
876;Nothin' on You (feat. Bruno Mars)
877;Teenage Dream
878;This Ain't a Love Song
879;Billionaire (feat. Bruno Mars)
880;Fireflies
881;Empire State of Mind (Part II) Broken Down
882;Need You Now
883;Back To December
884;Animal
885;Live Like We're Dying
886;If I Die Young
887;Magic (feat. Rivers Cuomo)
888;"Moves Like Jagger - Studio Recording From ""The Voice"" Performance"
889;Party Rock Anthem
890;Firework
891;Grenade
892;Hey Baby (Drop It to the Floor) (feat. T-Pain)
893;Who's That Chick? (feat. Rihanna)
894;On The Floor
895;S&M
896;Blow
897;Sweat - Remix
898;More - RedOne Jimmy Joker Remix
899;Just Can’t Get Enough
900;Where Them Girls At (feat. Nicki Minaj & Flo Rida)
901;I Follow Rivers - The Magician Remix
902;Give Me Everything (feat. Ne-Yo, Afrojack & Nayer)
903;Love You Like A Love Song
904;Black and Yellow
905;E.T.
906;I Wanna Go
907;Stereo Hearts (feat. Adam Levine)
908;Tonight (I'm Fuckin' You)
909;Down On Me
910;Heart Skips a Beat (feat. Rizzle Kicks)
911;Sexy And I Know It
912;You Make Me Feel... (feat. Sabi)
913;Do It Like A Dude
914;Louder (feat. Sian Evans) - Radio Edit
915;When We Stand Together
916;Midnight City
917;Till the World Ends
918;Earthquake (feat. Tinie Tempah)
919;Don't Wanna Go Home
920;Paradise
921;Last Friday Night (T.G.I.F.)
922;I Need A Doctor
923;I'm On One
924;Look At Me Now (feat. Lil' Wayne & Busta Rhymes)
925;Rocketeer
926;Glad You Came
927;We R Who We R
928;Motivation
929;We Found Love
930;Don't Hold Your Breath
931;Yeah 3x
932;Save The World
933;All Of The Lights
934;Sure Thing
935;Coming Home
936;Beautiful People
937;What the Hell
938;Blind Faith
939;Who Says
940;Down With The Trumpets
941;Born This Way
942;Donald Trump
943;Bounce (feat. Kelis) - Radio Edit
944;Without You (feat. Usher)
945;Pumped Up Kicks
946;Headlines
947;Price Tag
948;Dirt Road Anthem
949;Roll Up
950;Good Life
951;Lighters
952;The Lazy Song
953;The Show Goes On
954;I Won't Let You Go
955;It Girl
956;The Adventures of Rain Dance Maggie
957;Pretty Girl Rock
958;F**kin' Perfect
959;Honey Bee
960;The Edge Of Glory
961;Just A Kiss
962;Tonight Tonight
963;Tongue Tied
964;Every Teardrop Is a Waterfall
965;Best Thing I Never Had
966;Raise Your Glass
967;Jar of Hearts
968;Marry You
969;A Thousand Years
970;Call Me Maybe
971;We Are Young (feat. Janelle Monáe)
972;She Doesn't Mind
973;International Love (feat. Chris Brown)
974;In The Dark
975;Skyfall
976;Turn Me On (feat. Nicki Minaj)
977;Where Have You Been
978;Ni**as In Paris
979;One More Night
980;Bangarang (feat. Sirah)
981;Chasing The Sun
982;Whistle
983;This Is Love
984;She Wolf (Falling to Pieces) [feat. Sia]
985;Pound The Alarm
986;Swimming Pools (Drank) - Extended Version
987;Primadonna
988;Hot Right Now (feat. RITA ORA) - Radio Edit
989;Gangnam Style (강남스타일)
990;Die Young
991;Scream
992;BURN IT DOWN
993;Locked out of Heaven
994;Levels - Radio Edit
995;Good Feeling
996;Diamonds
997;Work Hard, Play Hard
998;Part Of Me
999;Starships
1000;m.A.A.d city
1001;Spectrum (Say My Name) - Calvin Harris Remix
1002;Payphone
1003;Impossible
1004;I Love It
1005;Rack City
1006;Feel So Close - Radio Edit
1007;Turn Up the Music
1008;Lost
1009;Let's Go (feat. Ne-Yo)
1010;Hall of Fame (feat. will.i.am)
1011;Don't You Worry Child - Radio Edit
1012;How to Be a Heartbreaker
1013;Boyfriend
1014;Titanium (feat. Sia)
1015;Domino
1016;I Knew You Were Trouble.
1017;Hands on the Wheel (feat. Asap Rocky)
1018;Try
1019;Candy
1020;Young, Wild & Free (feat. Bruno Mars)
1021;As Long As You Love Me
1022;Too Close
1023;Faded
1024;The One That Got Away
1025;Silhouettes - Original Radio Edit
1026;Somebody That I Used To Know
1027;Wild Ones (feat. Sia)
1028;What Makes You Beautiful
1029;Born To Die
1030;Good Time
1031;We'll Be Coming Back (feat. Example)
1032;Read All About It, Pt. III
1033;Lights - Single Version
1034;Drive By
1035;Latch
1036;Princess of China
1037;Ass Back Home (feat. Neon Hitch)
1038;Blown Away
1039;Breezeblocks
1040;Don't Wake Me Up
1041;Stronger (What Doesn't Kill You)
1042;The Motto
1043;Wide Awake
1044;Feel the Love (feat. John Newman)
1045;Ride
1046;Let Me Love You (Until You Learn To Love Yourself)
1047;Give Your Heart a Break
1048;Take Care
1049;It Will Rain
1050;Want U Back
1051;Royals
1052;Blurred Lines
1053;Radioactive
1054;Get Lucky (feat. Pharrell Williams & Nile Rodgers) - Radio Edit
1055;Scream & Shout
1056;La La La
1057;Another Love
1058;We Own It (Fast & Furious)
1059;Play Hard (feat. Ne-Yo & Akon)
1060;Feel This Moment (feat. Christina Aguilera)
1061;#thatPOWER
1062;Love Me
1063;Can't Hold Us (feat. Ray Dalton)
1064;Talk Dirty (feat. 2 Chainz)
1065;Love Me Again
1066;Sweater Weather
1067;Reload - Radio Edit
1068;Heart Attack
1069;Why'd You Only Call Me When You're High?
1070;Beauty And A Beat
1071;The Monster
1072;Don't Stop the Party (feat. TJR)
1073;Come & Get It
1074;True Love (feat. Lily Allen)
1075;White Noise
1076;I Cry
1077;Summertime Sadness (Lana Del Rey Vs. Cedric Gervais) - Cedric Gervais Remix
1078;Berzerk
1079;I Love It (feat. Charli XCX)
1080;My Songs Know What You Did In The Dark (Light Em Up)
1081;I Could Be The One (Avicii Vs. Nicky Romero) - Radio Edit
1082;Demons
1083;One Way or Another (Teenage Kicks)
1084;Do I Wanna Know?
1085;Waiting All Night (feat. Ella Eyre)
1086;Sonnentanz - Sun Don't Shine
1087;Drinking from the Bottle (feat. Tinie Tempah)
1088;F**kin' Problems (feat. Drake, 2 Chainz & Kendrick Lamar)
1089;The Fox (What Does the Fox Say?)
1090;Burn
1091;Harlem Shake
1092;I Need Your Love (feat. Ellie Goulding)
1093;This Is How We Do
1094;The Other Side
1095;Sweet Nothing (feat. Florence Welch)
1096;Bad (feat. Rihanna) - Remix
1097;Body Party
1098;Started From the Bottom
1099;Of The Night
1100;Dear Darlin'
1101;Roar
1102;Sure Be Cool If You Did
1103;Thinking About You (feat. Ayah Marar)
1104;Holy Grail
1105;Ready or Not
1106;What About Us
1107;Pompeii
1108;Best Song Ever
1109;Hey Porsche
1110;Wrecking Ball
1111;Lose Yourself to Dance (feat. Pharrell Williams)
1112;This Is What It Feels Like
1113;Mirrors
1114;Treasure
1115;Little Talks
1116;We Can't Stop
1117;Still into You
1118;human
1119;Hold On, We're Going Home
1120;Daylight
1121;22
1122;Let Her Go
1123;The Way
1124;Stay
1125;Suit & Tie (feat. Jay-Z)
1126;When I Was Your Man
1127;Cruise
1128;"Happy - From ""Despicable Me 2"""
1129;Dark Horse
1130;Fancy
1131;Animals
1132;Stay With Me
1133;Rude
1134;Chandelier
1135;All of Me
1136;All About That Bass
1137;Lovers on the Sun (feat. Sam Martin)
1138;Black Widow
1139;Habits (Stay High)
1140;Gecko (Overdrive) - Radio Edit
1141;You Know You Like It
1142;2 On (feat. ScHoolboy Q)
1143;My Love (feat. Jess Glynne)
1144;Bad Blood
1145;Na Na
1146;Under Control (feat. Hurts)
1147;CoCo
1148;Wiggle (feat. Snoop Dogg)
1149;Prayer in C - Robin Schulz Radio Edit
1150;Don't Tell 'Em
1151;Anaconda
1152;Blame (feat. John Newman)
1153;Turn Down for What
1154;Timber (feat. Ke$ha)
1155;Counting Stars
1156;Hot N*gga
1157;Am I Wrong
1158;Shower
1159;Nobody To Love - Radio Edit
1160;Team
1161;Me And My Broken Heart
1162;Jubel - Radio Edit
1163;Only Love Can Hurt Like This
1164;Hideaway
1165;Show Me (feat. Chris Brown)
1166;Talking Body
1167;Loyal (feat. Lil Wayne & Tyga)
1168;Love Runs Out
1169;Stolen Dance
1170;Don't
1171;Love Me Harder
1172;Bailando - Spanish Version
1173;Bang Bang
1174;I Got U
1175;Ready For Your Love
1176;Style
1177;Classic
1178;Problem
1179;Steal My Girl
1180;The Heart Wants What It Wants
1181;I Will Never Let You Down
1182;She Looks So Perfect
1183;Superheroes
1184;Shake It Off
1185;Night Changes
1186;Heroes (we could be)
1187;Ugly Heart
1188;A Sky Full of Stars
1189;Rather Be (feat. Jess Glynne)
1190;Stay The Night - Featuring Hayley Williams Of Paramore
1191;Elastic Heart
1192;Story of My Life
1193;Little Do You Know
1194;Post to Be (feat. Chris Brown & Jhene Aiko)
1195;Cool Kids
1196;Somebody
1197;Riptide
1198;Drunk in Love (feat. Jay-Z)
1199;Ghost
1200;"I See Fire - From ""The Hobbit - The Desolation Of Smaug"""
1201;New Flame (feat. Usher & Rick Ross)
1202;Money On My Mind
1203;Trumpets
1204;Bed Of Lies
1205;Uptown Funk (feat. Bruno Mars)
1206;Thinking out Loud
1207;See You Again (feat. Charlie Puth)
1208;What Do You Mean?
1209;Lean On (feat. MØ & DJ Snake)
1210;"Earned It (Fifty Shades Of Grey) - From The ""Fifty Shades Of Grey"" Soundtrack"
1211;"Love Me Like You Do - From ""Fifty Shades Of Grey"""
1212;Outside (feat. Ellie Goulding)
1213;Hey Mama (feat. Nicki Minaj, Bebe Rexha & Afrojack)
1214;Blank Space
1215;The Hills
1216;Daddy Issues
1217;Five More Hours
1218;The Nights
1219;No Type
1220;Sugar (feat. Francesco Yates)
1221;How Deep Is Your Love
1222;Wish You Were Mine - Radio Edit
1223;Centuries
1224;Chill Bill (feat. J. Davi$ & Spooks)
1225;Stressed Out
1226;Worth It (feat. Kid Ink)
1227;Way down We Go
1228;Like I Can
1229;Waiting For Love
1230;Ain't Nobody (Loves Me Better) (feat. Jasmine Thompson)
1231;Wildest Dreams
1232;Time of Our Lives
1233;Runaway (U & I)
1234;Bitch Better Have My Money
1235;Drag Me Down
1236;Antidote
1237;Confident
1238;Same Old Love
1239;Do It Again
1240;My House
1241;Ayo
1242;Spirits
1243;Trap Queen
1244;7/11
1245;High By The Beach
1246;Never Forget You
1247;oui
1248;Hotline Bling
1249;Kill Em With Kindness
1250;Let It All Go
1251;679 (feat. Remy Boyz)
1252;Can't Feel My Face
1253;You Don't Own Me (feat. G-Eazy)
1254;Renegades
1255;Locked Away (feat. Adam Levine)
1256;Stole the Show
1257;The Less I Know The Better
1258;My Way (feat. Monty)
1259;Take Me To Church
1260;"Writing's On The Wall - From ""Spectre"" Soundtrack"
1261;All Eyes on You (feat. Chris Brown & Nicki Minaj)
1262;I Don't Fuck With You
1263;Firestone
1264;Sunset Lover
1265;Stitches
1266;I Don't Like It, I Love It (feat. Robin Thicke & Verdine White)
1267;Where Are Ü Now (with Justin Bieber)
1268;Please Don't Go
1269;Fast Car
1270;Easy Love
1271;One Last Time
1272;Perfect
1273;Shine
1274;Lips Are Movin
1275;El Perdón - Forgiveness
1276;One Dance
1277;Panda
1278;Tuesday (feat. Danelle Sandoval)
1279;Cheap Thrills (feat. Sean Paul)
1280;Wherever I Go
1281;Work
1282;Hymn for the Weekend
1283;"CAN'T STOP THE FEELING! (from DreamWorks Animation's ""TROLLS"")"
1284;Wait a Minute!
1285;Tiimmy Turner
1286;Me, Myself & I
1287;This One's for You (feat. Zara Larsson) (Official Song UEFA EURO 2016)
1288;Sucker for Pain (with Wiz Khalifa, Imagine Dragons, Logic & Ty Dolla $ign feat. X Ambassadors)
1289;Heathens
1290;Low Life (feat. The Weeknd)
1291;No Money
1292;Don't Let Me Down
1293;Girls Like (feat. Zara Larsson)
1294;Hear Me Now
1295;All Time Low
1296;NO
1297;Hotter Than Hell
1298;In the Name of Love
1299;This Is What You Came For (feat. Rihanna)
1300;I Took A Pill In Ibiza - Seeb Remix
1301;2 Phones
1302;Needed Me
1303;Alone
1304;I Know What You Did Last Summer
1305;My Way
1306;HandClap
1307;Alarm
1308;We Don't Talk Anymore (feat. Selena Gomez)
1309;DUELE EL CORAZON (feat. Wisin)
1310;The Ocean (feat. Shy Martin)
1311;Treat You Better
1312;Say It
1313;Adventure of a Lifetime
1314;Cake By The Ocean
1315;The Girl Is Mine
1316;Papercuts (feat. Vera Blue)
1317;Gold
1318;Work from Home (feat. Ty Dolla $ign)
1319;Pop Style
1320;PILLOWTALK
1321;Here
1322;Jumpman
1323;Dangerously
1324;Close
1325;Roses
1326;"Just Like Fire (From the Original Motion Picture ""Alice Through The Looking Glass"")"
1327;Just Hold On
1328;Tears (feat. Louisa Johnson)
1329;Good Grief
1330;The Greatest (feat. Kendrick Lamar)
1331;Not Nice
1332;i hate u, i love u (feat. olivia o'brien)
1333;1955
1334;All In My Head (Flex) (feat. Fetty Wap)
1335;Don't Mind
1336;Exchange
1337;Final Song
1338;Pink + White
1339;Too Good
1340;Shape of You
1341;No Lie
1342;Too Good At Goodbyes
1343;Rockabye (feat. Sean Paul & Anne-Marie)
1344;Don't Wanna Know (feat. Kendrick Lamar)
1345;Something Just Like This
1346;Little Dark Age
1347;goosebumps
1348;Bored
1349;Mask Off
1350;Swang
1351;Save That Shit
1352;Plain Jane
1353;Unforgettable
1354;Bank Account
1355;Dusk Till Dawn (feat. Sia) - Radio Edit
1356;Mi Gente
1357;Black Beatles
1358;Ain't My Fault
1359;Rolex
1360;XO Tour Llif3
1361;Whatever It Takes
1362;Swalla (feat. Nicki Minaj & Ty Dolla $ign)
1363;Magnolia
1364;Hold On
1365;Criminal
1366;Fetish (feat. Gucci Mane)
1367;Man's Not Hot
1368;Ciao Adios
1369;Human
1370;Gucci Gang
1371;Look What You Made Me Do
1372;SUBEME LA RADIO (feat. Descemer Bueno & Zion & Lennox)
1373;Tunnel Vision
1374;Jocelyn Flores
1375;Bad and Boujee (feat. Lil Uzi Vert)
1376;Rake It Up (feat. Nicki Minaj)
1377;Scared to Be Lonely
1378;Mama
1379;...Ready For It?
1380;2U (feat. Justin Bieber)
1381;Slippery (feat. Gucci Mane)
1382;Good Life (with G-Eazy & Kehlani)
1383;All Night
1384;New Rules
1385;Bodak Yellow
1386;Skin
1387;I Would Like
1388;Wild Thoughts (feat. Rihanna & Bryson Tiller)
1389;Congratulations
1390;Without You (feat. Sandro Cavazza)
1391;Chained To The Rhythm
1392;Juju on That Beat (TZ Anthem)
1393;Feels (feat. Pharrell Williams, Katy Perry & Big Sean)
1394;T-Shirt
1395;Rich Love (with Seeb)
1396;Pretty Girl - Cheat Codes X CADE Remix
1397;Glorious (feat. Skylar Grey)
1398;Scars To Your Beautiful
1399;It's A Vibe
1400;Middle Of The Night
1401;I Feel It Coming
1402;Paris
1403;Bounce Back
1404;Lonely Together (feat. Rita Ora)
1405;No Promises (feat. Demi Lovato)
1406;24K Magic
1407;It Ain't Me (with Selena Gomez)
1408;God's Plan
1409;rockstar (feat. 21 Savage)
1410;Ric Flair Drip (with Metro Boomin)
1411;Him & I (with Halsey)
1412;In My Mind
1413;Lucid Dreams
1414;FRIENDS
1415;Moonlight
1416;no tears left to cry
1417;Mo Bamba
1418;One Kiss (with Dua Lipa)
1419;Taste (feat. Offset)
1420;SICKO MODE
1421;Natural
1422;Taki Taki (with Selena Gomez, Ozuna & Cardi B)
1423;Pray For Me (with Kendrick Lamar)
1424;lovely (with Khalid)
1425;Walk It Talk It
1426;Solo (feat. Demi Lovato)
1427;Nonstop
1428;Call Out My Name
1429;Te Boté - Remix
1430;MotorSport
1431;X
1432;SAD!
1433;Sin Pijama
1434;Home (with Machine Gun Kelly, X Ambassadors & Bebe Rexha)
1435;GUMMO
1436;Sick Boy
1437;King's Dead (with Kendrick Lamar, Future & James Blake)
1438;Plug Walk
1439;All The Stars (with SZA)
1440;Everyday
1441;Tip Toe (feat. French Montana)
1442;God is a woman
1443;Powerglide (feat. Juicy J) - From SR3MM
1444;German
1445;Nevermind
1446;we fell in love in october
1447;Wolves
1448;Jackie Chan
1449;Leave a Light On
1450;1, 2, 3 (feat. Jason Derulo & De La Ghetto)
1451;Silence
1452;Youngblood
1453;For You (Fifty Shades Freed) (& Rita Ora)
1454;Let You Down
1455;changes
1456;Corazón (feat. Nego do Borel)
1457;Yes Indeed
1458;Flames
1459;Vaina Loca
1460;How Long
1461;Better Now
1462;Look Alive (feat. Drake)
1463;River (feat. Ed Sheeran)
1464;Happier
1465;Be Alright
1466;Done for Me (feat. Kehlani)
1467;Stir Fry
1468;BIG BANK (feat. 2 Chainz, Big Sean, Nicki Minaj)
1469;In My Feelings
1470;Jumanji
1471;The Way I Am
1472;Eastside (with Halsey & Khalid)
1473;Échame La Culpa
1474;17
1475;Anywhere
1476;Answerphone (feat. Yxng Bane)
1477;Trip
1478;Dura
1479;No Brainer
1480;2002
1481;"Finesse - Remix; feat. Cardi B"
1482;Let's Fall in Love for the Night
1483;The Greatest Show
1484;Bad At Love
1485;I'm Upset
1486;Never Be the Same
1487;Bad Vibe
1488;IDGAF
1489;Miss You (with Major Lazer & Tory Lanez)
1490;Mine
1491;Freaky Friday (feat. Chris Brown)
1492;I Like Me Better
1493;This Feeling
1494;Girls Like You (feat. Cardi B) - Cardi B Version
1495;Love Lies (with Normani)
1496;Nice For What
1497;LOVE. FEAT. ZACARI.
1498;Psycho (feat. Ty Dolla $ign)
1499;Old Town Road - Remix
1500;bad guy
1501;Señorita
1502;7 rings
1503;Sunflower - Spider-Man: Into the Spider-Verse
1504;Lost in the Fire (feat. The Weeknd)
1505;Ride It
1506;Shallow
1507;Nothing Breaks Like a Heart (feat. Miley Cyrus)
1508;Someone You Loved
1509;All Day And Night
1510;Pure Water (with Migos)
1511;ZEZE (feat. Travis Scott & Offset)
1512;Con Calma
1513;Let Me Down Slowly
1514;Clout (feat. Cardi B)
1515;Piece Of Your Heart
1516;Antisocial (with Travis Scott)
1517;Doin' Time
1518;Taki Taki (feat. Selena Gomez, Ozuna & Cardi B)
1519;Look Back at It
1520;My Type
1521;Ransom
1522;Keisha & Becky - Remix
1523;Don't Call Me Up
1524;Old Town Road
1525;Going Bad (feat. Drake)
1526;Wow.
1527;Juicy
1528;Swervin (feat. 6ix9ine)
1529;emotions
1530;Adan y Eva
1531;Money In The Grave (Drake ft. Rick Ross)
1532;Panini
1533;MIA (feat. Drake)
1534;Pop Out (feat. Lil Tjay)
1535;Robbery
1536;a lot
1537;The London (feat. J. Cole & Travis Scott)
1538;China
1539;Liar
1540;Leave Me Alone
1541;Money
1542;break up with your girlfriend, i'm bored
1543;Location (feat. Burna Boy)
1544;Don't Start Now
1545;Strike a Pose (feat. Aitch)
1546;Giant (with Rag'n'Bone Man)
1547;Take Me Back to London (feat. Stormzy)
1548;Please Me
1549;Vossi Bop
1550;Dance Monkey
1551;boyfriend (with Social House)
1552;Callaita
1553;Calma - Remix
1554;MIDDLE CHILD
1555;Soltera - Remix
1556;Better
1557;Suge
1558;Ladbroke Grove
1559;bury a friend
1560;Boasty (feat. Idris Elba)
1561;Only Human
1562;SOS (feat. Aloe Blacc)
1563;EARFQUAKE
1564;On A Roll
1565;3 Nights
1566;Wish You Well
1567;Hot Girl Summer (feat. Nicki Minaj & Ty Dolla $ign)
1568;Secreto
1569;Post Malone (feat. RANI)
1570;Nights Like This (feat. Ty Dolla $ign)
1571;Otro Trago
1572;Cross Me (feat. Chance the Rapper & PnB Rock)
1573;gone girl
1574;High Hopes
1575;One Thing Right
1576;How Do You Sleep?
1577;Options
1578;Sucker
1579;Cruel Summer
1580;The Git Up
1581;Dancing With A Stranger (with Normani)
1582;Circles
1583;Flowers
1584;Kill Bill
1585;As It Was
1586;Seven (feat. Latto) (Explicit Ver.)
1587;Ella Baila Sola
1588;Creepin' (with The Weeknd & 21 Savage)
1589;Calm Down (with Selena Gomez)
1590;Shakira: Bzrp Music Sessions, Vol. 53
1591;Anti-Hero
1592;I Wanna Be Yours
1593;TQG
1594;La Bebe - Remix
1595;I'm Good (Blue)
1596;Die For You
1597;un x100to
1598;Unholy (feat. Kim Petras)
1599;La Bachata
1600;Boy's a liar Pt. 2
1601;Starboy
1602;Yandel 150
1603;Cupid - Twin Ver.
1604;Die For You (with Ariana Grande) - Remix
1605;I Ain't Worried
1606;Here With Me
1607;golden hour
1608;Until I Found You (with Em Beihold) - Em Beihold Version
1609;LALA
1610;Quevedo: Bzrp Music Sessions, Vol. 52
1611;Hey Mor
1612;CLASSY 101
1613;Paint The Town Red
1614;Snooze
1615;Blinding Lights
1616;WHERE SHE GOES
1617;Like Crazy
1618;Escapism.
1619;vampire
1620;PRC
1621;See You Again (feat. Kali Uchis)
1622;Me Porto Bonito
1623;OMG
1624;AMG
1625;Romantic Homicide
